{"cameraMode":{"drawMode":2,"name":"Shaded Wireframe","section":"Shading Mode"},"sceneLighting":false,"audioPlay":false,"sceneViewState":{"showFog":true,"showMaterialUpdate":false,"showSkybox":true,"showFlares":true,"showImageEffects":true,"showParticleSystems":true},"in2DMode":false,"pivot":{"x":19.317447662353517,"y":5.591187477111816,"z":-6.653144836425781},"rotation":{"x":0.2739408612251282,"y":-0.008655873127281666,"z":0.002466670935973525,"w":0.9617047905921936},"size":2.864896297454834,"orthographic":false}