{"cameraMode":{"drawMode":0,"name":"Shaded","section":"Shading Mode"},"sceneLighting":false,"audioPlay":false,"sceneViewState":{"showFog":true,"showMaterialUpdate":false,"showSkybox":false,"showFlares":true,"showImageEffects":true,"showParticleSystems":true},"in2DMode":false,"pivot":{"x":0.0005664825439453125,"y":-0.2587231397628784,"z":-2.658658027648926},"rotation":{"x":0.19082114100456239,"y":-0.004417157731950283,"z":0.0008597954292781651,"w":0.9816188812255859},"size":1.0391888618469239,"orthographic":false}