{"cameraMode":{"drawMode":0,"name":"Shaded","section":"Shading Mode"},"sceneLighting":false,"audioPlay":false,"sceneViewState":{"showFog":true,"showMaterialUpdate":false,"showSkybox":false,"showFlares":true,"showImageEffects":true,"showParticleSystems":true},"in2DMode":false,"pivot":{"x":356.5562438964844,"y":267.2285461425781,"z":1.6340888738632203},"rotation":{"x":0.19082114100456239,"y":-0.004417157731950283,"z":0.0008597954292781651,"w":0.9816188812255859},"size":1.5587081909179688,"orthographic":false}