{"cameraMode":{"drawMode":0,"name":"Shaded","section":"Shading Mode"},"sceneLighting":true,"audioPlay":false,"sceneViewState":{"showFog":true,"showMaterialUpdate":false,"showSkybox":false,"showFlares":true,"showImageEffects":true,"showParticleSystems":true},"in2DMode":false,"pivot":{"x":-0.25242677330970766,"y":0.10669222474098206,"z":-1.4956228733062745},"rotation":{"x":0.021459907293319703,"y":-0.9775049686431885,"z":0.12382137775421143,"w":0.16941726207733155},"size":0.663500189781189,"orthographic":false}